{"uVT8KFwL":null,"dYeSpW6f":"2025-03-15 18:12:37","kmhUE3JT":"HUTL+uADuDOQeTyN4TviIWk5br1T2G8S2stdf2SWhg\/AWtYRv1wDEa2F+mWBAJJ\/nM5LJx\/N4Nh+lLM6U5xwG16D5FHkRKCGelqTDIaIPIFJwXdUBnYk\/PhQE8KxPfIpZKGiY2ge1ttvySJCK3A5Q0uLAaCyu5UJzADIvn4gmjIZy62tzma0SEeWuNTRU3xOWWAoz\/JG8v9lgGHF4HVhzvcHRWmwxXfJGxdK8iDudXcw5f0qPH\/UBzcBCfYv\/NFA7BNbM8Srmy\/FAizdYct7CRLmAeArO99S\/EFHbsjxgw6mMwyELqkXJDZA+6JMjd262frDVqKosWvZ8VtSyQ8fWg==","nG7kamcb":"63211b11068980511c3510abe3a3003d9c567c4c","pkARv9mK":"0c22398a7e9eb72f4f485c3c9445155e","g8KqKR9R":null}