{
    "a": {
        "paypal2": true,
        "LayoutElement": true,
        "TextArea": true,
        "Picture": true,
        "Gallery": true,
        "Youtube": true,
        "Video": true,
        "instagram_video": true,
        "facebook_video": true,
        "vimeo": true,
        "youku": true,
        "spotify": true,
        "MusicPlayer": true,
        "Shape": true,
        "Line": true,
        "Menu": true,
        "WB_Footer": true,
        "LinkExchangeBadge": true,
        "bank_transfer": true,
        "cash_on_delivery": true
    },
    "b": [],
    "c": {
        "LayoutElement": [
            "Free",
            "Layout"
        ],
        "TextArea": [
            "Free",
            "Text"
        ],
        "Picture": [
            "Free",
            "Picture"
        ],
        "Gallery": [
            "Free",
            "Gallery"
        ],
        "Youtube": [
            "Free",
            "Media"
        ],
        "Video": [
            "Free",
            "Media"
        ],
        "instagram_video": [
            "Free",
            "Media"
        ],
        "facebook_video": [
            "Free",
            "Media"
        ],
        "vimeo": [
            "Free",
            "Media"
        ],
        "youku": [
            "Free",
            "Media"
        ],
        "spotify": [
            "Free",
            "Media"
        ],
        "MusicPlayer": [
            "Free",
            "Media"
        ],
        "Shape": [
            "Free",
            "Shape"
        ],
        "Line": [
            "Free",
            "Shape"
        ],
        "GoogleMaps": [
            "Starter",
            "Maps"
        ],
        "yandex_maps": [
            "Starter",
            "Maps"
        ],
        "bing_maps": [
            "Starter",
            "Maps"
        ],
        "baidu_maps": [
            "Starter",
            "Maps"
        ],
        "openstreetmap": [
            "Starter",
            "Maps"
        ],
        "Button": [
            "Starter",
            "Button"
        ],
        "Form": [
            "Starter",
            "Form"
        ],
        "Menu": [
            "Free",
            "Menu"
        ],
        "Languages": [
            "Starter",
            "Languages"
        ],
        "StoreCart": [
            "Standard",
            "Commerce"
        ],
        "BookmarksShare": [
            "Standard",
            "Social"
        ],
        "facebook_comment": [
            "Standard",
            "Social"
        ],
        "BuyNow": [
            "Standard",
            "Commerce"
        ],
        "instagram": [
            "Standard",
            "Blocks"
        ],
        "Store": [
            "Standard",
            "Commerce"
        ],
        "stripe": [
            "Standard",
            "Commerce"
        ],
        "alipay": [
            "Standard",
            "Commerce"
        ],
        "webmoney_button": [
            "Standard",
            "Commerce"
        ],
        "skrill": [
            "Standard",
            "Commerce"
        ],
        "mollie": [
            "Standard",
            "Commerce"
        ],
        "dragonpay": [
            "Standard",
            "Commerce"
        ],
        "braintree": [
            "Standard",
            "Commerce"
        ],
        "payu": [
            "Standard",
            "Commerce"
        ],
        "payumoney": [
            "Standard",
            "Commerce"
        ],
        "paysera": [
            "Standard",
            "Commerce"
        ],
        "payfast": [
            "Standard",
            "Commerce"
        ],
        "pagseguro": [
            "Standard",
            "Commerce"
        ],
        "2checkout": [
            "Standard",
            "Commerce"
        ],
        "webmoney_widget": [
            "Standard",
            "Commerce"
        ],
        "paytrail": [
            "Standard",
            "Commerce"
        ],
        "klarna": [
            "Standard",
            "Commerce"
        ],
        "paymentez": [
            "Standard",
            "Commerce"
        ],
        "libelula": [
            "Standard",
            "Commerce"
        ],
        "expresspay": [
            "Standard",
            "Commerce"
        ],
        "mpesa": [
            "Standard",
            "Commerce"
        ],
        "ecwid": [
            "Standard",
            "Commerce"
        ],
        "pagopar": [
            "Standard",
            "Commerce"
        ],
        "aamarpay": [
            "Standard",
            "Commerce"
        ],
        "Blog": [
            "Standard",
            "Blog"
        ],
        "vkontakte_like": [
            "Standard",
            "Social"
        ],
        "odnoklassniki_share": [
            "Standard",
            "Social"
        ],
        "FacebookLike": [
            "Standard",
            "Social"
        ],
        "vkontakte_community": [
            "Standard",
            "Social"
        ],
        "FacebookFans": [
            "Standard",
            "Social"
        ],
        "pinterest": [
            "Standard",
            "Social"
        ],
        "odnoklassniki": [
            "Standard",
            "Social"
        ],
        "telegram_widget": [
            "Standard",
            "Social"
        ],
        "tiktok": [
            "Standard",
            "Social"
        ],
        "google_calendar": [
            "Standard",
            "Advanced"
        ],
        "GoogleAdSense": [
            "Standard",
            "Advanced"
        ],
        "Banner": [
            "Standard",
            "Advanced"
        ],
        "Table": [
            "Standard",
            "Advanced"
        ],
        "CustomHtml": [
            "Standard",
            "Advanced"
        ],
        "countdown": [
            "Standard",
            "Advanced"
        ],
        "count_up": [
            "Standard",
            "Advanced"
        ],
        "Accordion": [
            "Standard",
            "Advanced"
        ],
        "bookingmood": [
            "Standard",
            "Advanced"
        ],
        "bookaplace": [
            "Standard",
            "Advanced"
        ],
        "getbutton": [
            "Standard",
            "Advanced"
        ],
        "tawkto": [
            "Standard",
            "Advanced"
        ],
        "olark": [
            "Standard",
            "Advanced"
        ],
        "zopim": [
            "Standard",
            "Advanced"
        ],
        "smartarget": [
            "Standard",
            "Advanced"
        ]
    },
    "d": "https:\/\/site.pro\/en\/faq\/5688?utm_source=b2b2c&utm_medium=free&utm_campaign=__UTM_CAMPAIGN__&utm_content=__UTM_CONTENT__",
    "f": 3,
    "e": "4183e3b33b60adf3df27f74f630a32feef8d48e4"
}